код;деталь;шт;длина_мм;ширина_мм;толщина_мм;материал;примечание
R1;Рейка длинная;2;2200;200;18;фанера берёза;стык или лист 2440
R2;Рейка мастер;1;1100;350;18;фанера берёза;зона DM
R3;Рейка дальняя;1;1100;200;18;фанера берёза;
V-long;Стенка ниши длинная;2;1800;90;18;фанера берёза;высота = глубина ниши
V-short;Стенка ниши короткая;2;664;90;18;фанера берёза;уточнить по сборке
F1;Дно ниши;1;1796;696;12;фанера берёза;под сукно
Ledge;Полка под топпер;1;пог.м ~5.1;12;12;фанера/брусок;по периметру ниши
T1;Топпер у мастера;1;598;736;18;фанера берёза;подогнать по факту
T2;Топпер центр;1;598;736;18;фанера берёза;подогнать по факту
T3;Топпер дальняя;1;598;736;18;фанера берёза;подогнать по факту
P;Мини-столик игрока;8;380;300;18;фанера берёза;паз+карман+Ø95
D1;Станция мастера;1;550;400;18;фанера берёза;лоток кубов
C-player;Клит игрока (детали);16;300;50;18;фанера берёза;2 детали на клит
C-dm;Клит мастера (детали);2;400;50;18;фанера берёза;
DT-floor;Дно лотка кубов;2;250;180;12;фанера;+бортики 45
